<?xml version="1.0" encoding="UTF-8" standalone="yes"?>
<addon id="repository.easynews" name="XBMC-Easynews Addons" version="1.0.4" provider-name="xbmc-easynews">
	<extension point="xbmc.addon.repository" name="XBMC Easynews Addons">
		<info compressed="false">https://srbaber.github.io/xbmc-easynews/addons.xml</info>
		<checksum>https://srbaber.github.io/xbmc-easynews/addons.xml.md5</checksum>
		<datadir zip="true">https://srbaber.github.io/xbmc-easynews/</datadir>
	</extension>
	<extension point="xbmc.addon.metadata">
		<summary>XBMC Addons for Adults Only</summary>
		<description>This repository contains addons that are for adults only. You may only view the contents of this repository if you are at least 18 years of age, or at least the age of majority in the jurisdiction where you reside or from which you access this content.</description>
		<disclaimer>The owners and submitters to this repository do not host or distribute any of the content displayed by these addons nor do they have any affiliation with the content providers. YMMV.</disclaimer>
		<platform>all</platform>
	</extension>
</addon>
