<?xml version="1.0" encoding="UTF-8" standalone="yes"?>
<addon id="plugin.video.easynews"
       name="Easynews.com"
       version="1.0.0"
       provider-name="xbmc-easynews">
    <requires>
        <!-- Commenting xbmc.python allows install on all versions of Kodi -->
        <!-- <import addon="xbmc.python" version="2.1.0"/> -->
        <import addon="script.module.kodi-six"/>
        <import addon="script.module.six"/>
    </requires>
    <extension point="xbmc.python.pluginsource"
               library="default.py">
        <provides>video</provides>
    </extension>
    <extension point="xbmc.addon.metadata">
        <platform>all</platform>
        <license>GPL 2.0</license>
        <assets>
            <icon>icon.png</icon>
        </assets>
        <summary lang="en">Easynews.com -  Browse videos from Easynews.com.  Account required.</summary>
        <description lang="en">Browse newsgroups as well as search</description>
    </extension>
</addon>
